material_id,description,uom,base_price,currency,material_group
MAT-1001,Steel Plate S355 10mm,KG,1.20,EUR,RAW-STEEL
MAT-1002,Ball Bearing 6205-2RS,EA,8.50,EUR,COMP-BEARING
MAT-1003,Control PCB Rev C,EA,145.00,EUR,COMP-ELEC
MAT-1004,Hydraulic Valve HV-50,EA,230.00,EUR,COMP-HYD
MAT-1005,Cast Housing CH-200,EA,75.00,EUR,COMP-CAST
MAT-2001,Steel Plate A36 0.5in,LB,0.65,USD,RAW-STEEL
MAT-2002,Hex Bolt M12x40 Gr8.8,EA,0.18,USD,COMP-FAST
MAT-3001,Machined Shaft MS-12,EA,1200.00,INR,COMP-MACH
MAT-3002,Export Crate 1200x800,EA,850.00,INR,PACK-CRATE
